epoch,plain,warmup
0,0.352567,0.852364
1,0.345682,0.847110
2,0.359680,0.846871
3,0.353689,0.835314
4,0.359388,0.824661
5,0.361936,0.826615
6,0.392362,0.810159
7,0.408262,0.809068
8,0.409626,0.805226
9,0.419201,0.804436
10,0.409508,0.812206
11,0.392748,0.820391
12,0.432617,0.809712
13,0.461438,0.817718
14,0.452196,0.817350
15,0.475367,0.786714
16,0.492926,0.772468
17,0.512095,0.751568
18,0.532843,0.745589
19,0.546359,0.749760
20,0.565382,0.747428
21,0.594134,0.734556
22,0.601287,0.741066
23,0.615459,0.718014
24,0.627607,0.714599
25,0.632551,0.719265
26,0.642247,0.720386
27,0.651039,0.709089
28,0.638551,0.692104
29,0.644557,0.694680
30,0.657408,0.680189
31,0.657359,0.687304
32,0.647508,0.690973
33,0.665428,0.700554
34,0.666262,0.689693
35,0.677895,0.693464
36,0.684669,0.685203
37,0.691508,0.683241
38,0.696457,0.693178
39,0.698995,0.699222
40,0.700964,0.704924
41,0.708359,0.716498
42,0.714347,0.714786
43,0.714389,0.715993
44,0.719532,0.715879
45,0.723017,0.709300
46,0.730944,0.649483
47,0.733704,0.651519
48,0.714067,0.651098
49,0.712608,0.659958
50,0.721085,0.655179
51,0.718323,0.657639
52,0.731783,0.665117
53,0.742514,0.666403
54,0.741299,0.675156
55,0.739158,0.672219
56,0.736813,0.679914
57,0.732334,0.684682
58,0.744066,0.685197
59,0.724608,0.694119
60,0.731380,0.690594
61,0.740128,0.682742
62,0.747662,0.667040
63,0.752545,0.674022
64,0.752427,0.685319
65,0.744442,0.689503
66,0.746309,0.697174
67,0.744738,0.698454
68,0.741917,0.705904
69,0.742430,0.707003
70,0.743999,0.709140
71,0.752404,0.713400
72,0.754088,0.727970
73,0.755616,0.733200
74,0.748449,0.741350
75,0.748945,0.737854
76,0.752410,0.745832
77,0.761525,0.744002
78,0.754448,0.749825
79,0.762025,0.756031
80,0.768885,0.757478
81,0.777985,0.756169
82,0.783887,0.752856
83,0.785324,0.754713
84,0.777523,0.761327
85,0.775757,0.767366
86,0.767814,0.765264
87,0.770968,0.776391
88,0.754280,0.774207
89,0.754279,0.773624
90,0.760422,0.772165
91,0.762685,0.772723
92,0.770774,0.782813
93,0.774773,0.778527
94,0.780303,0.792049
95,0.775511,0.791403
96,0.781236,0.778635
97,0.785103,0.785583
98,0.782484,0.784674
99,0.790020,0.793181
100,0.784132,0.799562
101,0.780490,0.795783
102,0.782611,0.788564
103,0.791564,0.790751
104,0.786731,0.773954
105,0.789888,0.769599
106,0.791530,0.773731
107,0.795682,0.775092
108,0.803650,0.787165
109,0.777929,0.782519
110,0.771163,0.792604
111,0.766435,0.789508
112,0.767899,0.784826
113,0.763592,0.770393
114,0.767780,0.760099
115,0.776978,0.768370
116,0.785992,0.775140
117,0.784889,0.765511
118,0.792104,0.768376
119,0.797936,0.764829
120,0.792885,0.775274
121,0.795168,0.782908
122,0.785915,0.783228
123,0.787663,0.785557
124,0.794022,0.796955
125,0.790572,0.799023
126,0.789542,0.806578
127,0.800413,0.810171
128,0.801716,0.810559
129,0.796266,0.796024
130,0.793481,0.796657
131,0.790916,0.809228
132,0.794836,0.807248
133,0.784633,0.805928
134,0.791946,0.815630
135,0.794534,0.812779
136,0.796584,0.814103
137,0.801193,0.816398
138,0.801406,0.817191
139,0.796918,0.817073
140,0.792621,0.807495
141,0.801190,0.810827
142,0.798305,0.796044
143,0.786693,0.800101
144,0.797148,0.806294
145,0.804963,0.805126
146,0.791780,0.807010
147,0.797877,0.808123
148,0.801447,0.806151
149,0.789206,0.789854
150,0.779952,0.788710
151,0.792244,0.785797
152,0.791145,0.783377
153,0.792029,0.794144
154,0.794250,0.788605
155,0.787379,0.787832
156,0.793678,0.796629
157,0.789445,0.800795
158,0.793290,0.804267
159,0.798408,0.814312
160,0.803223,0.816985
161,0.796327,0.824588
162,0.789484,0.823320
163,0.794817,0.816201
164,0.805077,0.813105
165,0.808501,0.821499
166,0.807877,0.826320
167,0.811170,0.826959
168,0.805073,0.827646
169,0.802843,0.827374
170,0.805358,0.820739
171,0.800102,0.818214
172,0.795613,0.824775
173,0.799660,0.816917
174,0.807486,0.812935
175,0.812945,0.812556
176,0.813046,0.810885
177,0.810993,0.805828
178,0.819492,0.810044
179,0.815606,0.812524
180,0.812357,0.821682
181,0.814964,0.811731
182,0.813675,0.819965
183,0.799599,0.826966
184,0.806118,0.826521
185,0.810433,0.829360
186,0.817068,0.829871
187,0.803413,0.824821
188,0.785337,0.833416
189,0.793656,0.831436
190,0.797841,0.834499
191,0.803287,0.830282
192,0.808963,0.834217
193,0.781165,0.838097
194,0.785082,0.841225
195,0.794762,0.827306
196,0.801372,0.828097
197,0.807068,0.830126
198,0.817895,0.805729
199,0.818588,0.806805
200,0.813858,0.807606
201,0.817210,0.801675
202,0.821093,0.805717
203,0.816462,0.812971
204,0.812063,0.816891
205,0.817115,0.818945
206,0.820368,0.812875
207,0.823254,0.817133
208,0.827581,0.808140
209,0.832368,0.804290
210,0.827669,0.805712
211,0.814677,0.812073
212,0.808903,0.809900
213,0.812960,0.803963
214,0.807621,0.806400
215,0.792546,0.809072
216,0.790759,0.802523
217,0.799322,0.798715
218,0.797437,0.793967
219,0.798138,0.796561
220,0.804989,0.797729
221,0.803760,0.797734
222,0.785594,0.795636
223,0.783093,0.802499
224,0.791676,0.803950
225,0.791387,0.809803
226,0.782840,0.813397
227,0.792623,0.825049
228,0.801599,0.832528
229,0.803752,0.826949
230,0.795784,0.830234
231,0.805674,0.821656
232,0.815621,0.824775
233,0.805694,0.828559
234,0.801232,0.826312
235,0.796497,0.824344
236,0.807992,0.821659
237,0.796962,0.812367
238,0.779009,0.808096
239,0.785483,0.810325
240,0.792135,0.803269
241,0.793470,0.804462
242,0.802501,0.815712
243,0.808481,0.817689
244,0.799772,0.823151
245,0.795298,0.827881
246,0.802620,0.822946
247,0.811006,0.822519
248,0.808962,0.826628
249,0.809266,0.830118
250,0.816482,0.827482
251,0.825745,0.827106
252,0.819890,0.826517
253,0.821373,0.817370
254,0.817350,0.811848
255,0.823497,0.817029
256,0.826108,0.811421
257,0.823971,0.820948
258,0.830538,0.828099
259,0.837000,0.832881
260,0.829007,0.821834
261,0.832290,0.827009
262,0.835980,0.821600
263,0.828142,0.821874
264,0.824537,0.825388
265,0.815240,0.805064
266,0.795436,0.809086
267,0.795446,0.810099
268,0.799950,0.814245
269,0.788224,0.814328
270,0.787256,0.816190
271,0.799663,0.818102
272,0.804917,0.821850
273,0.803172,0.818290
274,0.809275,0.824514
275,0.810306,0.829467
276,0.821336,0.826839
277,0.827586,0.823676
278,0.833460,0.824277
279,0.816102,0.820434
280,0.823660,0.825395
281,0.828912,0.833558
282,0.830514,0.836159
283,0.820735,0.833590
284,0.811640,0.839831
285,0.820429,0.843280
286,0.820348,0.849811
287,0.827477,0.851944
288,0.806603,0.850691
289,0.804494,0.843539
290,0.805654,0.848819
291,0.810741,0.852033
292,0.808968,0.848946
293,0.802415,0.845728
294,0.807226,0.851534
295,0.803616,0.855516
296,0.805963,0.859586
297,0.807207,0.860670
298,0.815177,0.860360
299,0.811219,0.863840
300,0.813773,0.847345
301,0.805092,0.848363
302,0.809502,0.844518
303,0.819876,0.843274
304,0.825140,0.845417
305,0.833026,0.837843
306,0.835923,0.842417
307,0.839776,0.846776
308,0.840793,0.843811
309,0.840962,0.832972
310,0.847353,0.836625
311,0.841973,0.833305
312,0.843236,0.836443
313,0.845685,0.843089
314,0.839760,0.846890
315,0.829057,0.842246
316,0.821397,0.837048
317,0.827308,0.837278
318,0.819074,0.835432
319,0.819278,0.830772
320,0.825406,0.830127
321,0.831442,0.827541
322,0.836333,0.825163
323,0.837396,0.835228
324,0.841421,0.835520
325,0.834323,0.824271
326,0.837996,0.829495
327,0.845158,0.835705
328,0.827167,0.837875
329,0.829060,0.828243
330,0.825377,0.818643
331,0.817140,0.821021
332,0.797446,0.826720
333,0.801927,0.830672
334,0.794673,0.834103
335,0.794336,0.829034
336,0.797543,0.839522
337,0.804230,0.844211
338,0.793270,0.848159
339,0.801693,0.846124
340,0.796660,0.848254
341,0.799991,0.850549
342,0.803337,0.858416
343,0.798839,0.858961
344,0.788748,0.851045
345,0.795620,0.846383
346,0.802226,0.851626
347,0.805749,0.847940
348,0.811016,0.842104
349,0.803974,0.830967
350,0.809680,0.833403
351,0.813513,0.835877
352,0.815634,0.837703
353,0.819623,0.832004
354,0.825541,0.824498
355,0.827928,0.833053
356,0.832239,0.834103
357,0.826031,0.837638
358,0.818056,0.830035
359,0.819639,0.834188
360,0.812807,0.840426
361,0.814253,0.848838
362,0.819800,0.848826
363,0.815304,0.850525
364,0.818711,0.852059
365,0.821518,0.852523
366,0.823754,0.853007
367,0.822194,0.853021
368,0.824031,0.854778
369,0.832142,0.859503
370,0.824532,0.855252
371,0.829446,0.858627
372,0.834088,0.862253
373,0.836236,0.865875
374,0.840641,0.856289
375,0.840378,0.853142
376,0.839296,0.848259
377,0.834490,0.846556
378,0.840531,0.851482
379,0.842503,0.857187
380,0.842434,0.850750
381,0.841640,0.853005
382,0.840809,0.845255
383,0.842382,0.841548
384,0.849276,0.841472
385,0.851812,0.843596
386,0.855152,0.839072
387,0.855474,0.839118
388,0.855064,0.834922
389,0.859487,0.839304
390,0.858274,0.837941
391,0.859147,0.837128
392,0.855730,0.841798
393,0.853437,0.832727
394,0.855244,0.842107
395,0.857175,0.847404
396,0.860805,0.846211
397,0.862024,0.846799
398,0.865465,0.843020
399,0.866827,0.839523
400,0.859046,0.833378
401,0.861969,0.840541
402,0.864333,0.842956
403,0.853529,0.839733
404,0.856986,0.840557
405,0.860666,0.834589
406,0.861417,0.835759
407,0.862982,0.841035
408,0.866171,0.844753
409,0.866823,0.853580
410,0.869450,0.856414
411,0.862773,0.853135
412,0.852202,0.848883
413,0.853211,0.851191
414,0.843421,0.844669
415,0.850026,0.842509
416,0.850074,0.841585
417,0.852891,0.842954
418,0.849587,0.848143
419,0.833704,0.842375
420,0.830769,0.843066
421,0.830286,0.851404
422,0.835510,0.828103
423,0.843776,0.828531
424,0.843363,0.826974
425,0.847247,0.823597
426,0.847841,0.832155
427,0.853658,0.833153
428,0.852507,0.833157
429,0.845868,0.840300
430,0.835589,0.840209
431,0.833391,0.841086
432,0.823971,0.841422
433,0.833434,0.841352
434,0.839045,0.844453
435,0.847805,0.845705
436,0.844622,0.847777
437,0.850423,0.843814
438,0.826289,0.846361
439,0.833072,0.847947
440,0.835895,0.847450
441,0.828134,0.850141
442,0.833055,0.856492
443,0.820309,0.857032
444,0.808749,0.861204
445,0.817804,0.861546
446,0.819195,0.868685
447,0.823356,0.869368
448,0.826722,0.871709
449,0.824668,0.869703
450,0.825463,0.859437
451,0.830174,0.860812
452,0.838599,0.868882
453,0.845646,0.869613
454,0.844672,0.871639
455,0.838536,0.871665
456,0.840227,0.874028
457,0.844455,0.869076
458,0.851075,0.868199
459,0.859750,0.866293
460,0.862963,0.873629
461,0.857192,0.871784
462,0.855741,0.868133
463,0.846553,0.866895
464,0.849744,0.864842
465,0.850580,0.867098
466,0.854731,0.869529
467,0.856467,0.867272
468,0.856997,0.872620
469,0.854728,0.868673
470,0.846750,0.868038
471,0.849064,0.861872
472,0.853668,0.865809
473,0.856253,0.869041
474,0.852989,0.863366
475,0.858275,0.867003
476,0.858856,0.869228
477,0.843978,0.867973
478,0.844833,0.871486
479,0.850337,0.862572
480,0.850477,0.862865
481,0.855530,0.865672
482,0.835953,0.866165
483,0.836978,0.865990
484,0.837497,0.864388
485,0.844024,0.860232
486,0.845198,0.854906
487,0.847312,0.854827
488,0.846982,0.857925
489,0.852397,0.866386
490,0.861350,0.859433
491,0.861958,0.864852
492,0.862809,0.869545
493,0.864030,0.866141
494,0.855934,0.863999
495,0.849598,0.869424
496,0.851460,0.864477
497,0.855088,0.867377
498,0.858303,0.864761
499,0.861055,0.863748
500,0.862965,0.866629
501,0.856593,0.866935
502,0.848507,0.860888
503,0.854846,0.863966
504,0.856109,0.867082
505,0.854653,0.871067
506,0.848796,0.872743
507,0.844106,0.874806
508,0.841456,0.880605
509,0.848648,0.882219
510,0.851715,0.878088
511,0.855155,0.880103
512,0.857534,0.880110
513,0.858408,0.869295
514,0.856900,0.864015
515,0.858433,0.868804
516,0.860167,0.862771
517,0.859597,0.855384
518,0.863851,0.854816
519,0.861052,0.853670
520,0.847698,0.851575
521,0.856184,0.852750
522,0.848689,0.856400
523,0.839435,0.859039
524,0.843750,0.863271
525,0.840829,0.862123
526,0.840093,0.857204
527,0.846119,0.861892
528,0.846179,0.863284
529,0.849859,0.865273
530,0.848069,0.863253
531,0.856031,0.864288
532,0.857377,0.867692
533,0.850370,0.868294
534,0.846186,0.874204
535,0.844137,0.869390
536,0.850387,0.868702
537,0.851007,0.868321
538,0.846056,0.871972
539,0.847574,0.863495
540,0.849158,0.863295
541,0.853588,0.868091
542,0.859090,0.871444
543,0.856877,0.869977
544,0.854648,0.863775
545,0.856992,0.866846
546,0.841182,0.860996
547,0.838638,0.860053
548,0.847914,0.857684
549,0.852747,0.853567
550,0.853470,0.856452
551,0.856818,0.855237
552,0.856727,0.856498
553,0.859368,0.860160
554,0.857483,0.863962
555,0.861222,0.858662
556,0.863291,0.861155
557,0.863699,0.860738
558,0.857987,0.864577
559,0.858592,0.870093
560,0.863734,0.875066
561,0.860473,0.875110
562,0.867547,0.874876
563,0.868258,0.869073
564,0.865174,0.865117
565,0.867013,0.861632
566,0.869338,0.854629
567,0.868425,0.861175
568,0.868821,0.863323
569,0.871799,0.863055
570,0.850024,0.843539
571,0.848968,0.850481
572,0.831056,0.854148
573,0.838614,0.856001
574,0.842391,0.859752
575,0.844668,0.864102
576,0.850815,0.863627
577,0.845908,0.862483
578,0.853215,0.861186
579,0.858074,0.856628
580,0.863869,0.852476
581,0.868088,0.853297
582,0.861376,0.852380
583,0.868805,0.852868
584,0.867358,0.855409
585,0.853995,0.856570
586,0.852221,0.850053
587,0.850178,0.850321
588,0.846432,0.853937
589,0.852710,0.852702
590,0.845148,0.848992
591,0.853712,0.850156
592,0.858824,0.850042
593,0.866773,0.851672
594,0.850133,0.850546
595,0.852230,0.854165
596,0.845407,0.856412
597,0.846695,0.857935
598,0.851303,0.860311
599,0.851273,0.851519
600,0.853229,0.858560
601,0.859952,0.856316
602,0.855980,0.852127
603,0.853956,0.851533
604,0.860220,0.847763
605,0.864829,0.855492
606,0.868941,0.850112
607,0.868951,0.843898
608,0.870523,0.846950
609,0.869307,0.848224
610,0.869157,0.850203
611,0.874930,0.846577
612,0.879892,0.841901
613,0.871578,0.846526
614,0.862860,0.850025
615,0.849793,0.855527
616,0.849686,0.852977
617,0.853237,0.858170
618,0.855806,0.859140
619,0.861618,0.858801
620,0.865154,0.862499
621,0.863969,0.866915
622,0.857192,0.862968
623,0.856022,0.868771
624,0.856318,0.861840
625,0.862704,0.864035
626,0.857767,0.867377
627,0.861080,0.870112
628,0.859689,0.875410
629,0.853545,0.859217
630,0.860045,0.860591
631,0.864885,0.867008
632,0.867965,0.869661
633,0.870825,0.866410
634,0.855922,0.860829
635,0.861087,0.856418
636,0.867144,0.858300
637,0.870624,0.861922
638,0.867457,0.861561
639,0.865813,0.860007
640,0.871454,0.844955
641,0.871711,0.845641
642,0.867506,0.849489
643,0.867538,0.850005
644,0.870848,0.852709
645,0.863036,0.851851
646,0.858083,0.856224
647,0.853563,0.864886
648,0.853013,0.859696
649,0.860431,0.852511
650,0.860172,0.857578
651,0.865249,0.854580
652,0.856889,0.862053
653,0.856044,0.857419
654,0.845833,0.859953
655,0.847243,0.864361
656,0.851417,0.866199
657,0.848904,0.871433
658,0.850433,0.865196
659,0.852436,0.869920
660,0.858393,0.855278
661,0.856801,0.861834
662,0.859050,0.867224
663,0.860964,0.864326
664,0.858163,0.864321
665,0.856819,0.868118
666,0.854497,0.870341
667,0.853050,0.871944
668,0.853759,0.867518
669,0.853360,0.874455
670,0.842340,0.865990
671,0.843209,0.865065
672,0.848782,0.864642
673,0.850295,0.861473
674,0.852604,0.852394
675,0.859069,0.845539
676,0.864558,0.847123
677,0.858802,0.846149
678,0.853959,0.854081
679,0.854253,0.858611
680,0.859366,0.862918
681,0.848488,0.865644
682,0.850269,0.869853
683,0.849437,0.876252
684,0.849370,0.876987
685,0.851529,0.872128
686,0.849732,0.873978
687,0.848342,0.870742
688,0.850722,0.871172
689,0.856367,0.875292
690,0.861695,0.859001
691,0.866681,0.865261
692,0.866985,0.866258
693,0.867919,0.871349
694,0.862324,0.875367
695,0.865534,0.876976
696,0.869912,0.874260
697,0.871358,0.873637
698,0.859973,0.871934
699,0.865469,0.874381
700,0.864320,0.870813
701,0.846518,0.874132
702,0.834105,0.876941
703,0.843590,0.873336
704,0.846451,0.878044
705,0.856577,0.875108
706,0.844117,0.874274
707,0.845636,0.869012
708,0.849062,0.862555
709,0.852487,0.861931
710,0.855450,0.849352
711,0.864553,0.853074
712,0.864520,0.853179
713,0.861880,0.855724
714,0.863893,0.856205
715,0.869618,0.860218
716,0.865365,0.860201
717,0.866528,0.856303
718,0.855237,0.857911
719,0.844840,0.862389
720,0.852011,0.864681
721,0.846864,0.843443
722,0.853235,0.852186
723,0.854041,0.856857
724,0.855260,0.857130
725,0.859432,0.860639
726,0.866002,0.864665
727,0.865927,0.858112
728,0.848533,0.853982
729,0.857089,0.861346
730,0.859330,0.866690
731,0.864157,0.865997
732,0.867766,0.860449
733,0.866101,0.861430
734,0.868772,0.866112
735,0.871908,0.869045
736,0.874876,0.873856
737,0.875994,0.873223
738,0.878391,0.863319
739,0.879578,0.865808
740,0.876562,0.865990
741,0.879298,0.862114
742,0.878245,0.862505
743,0.878198,0.866861
744,0.875735,0.861261
745,0.876745,0.862061
746,0.877436,0.860125
747,0.878998,0.862778
748,0.880824,0.869747
749,0.880866,0.866283
750,0.876776,0.865641
751,0.875061,0.868145
752,0.878792,0.873332
753,0.872221,0.874422
754,0.877092,0.878964
755,0.876421,0.879569
756,0.878315,0.877654
757,0.872728,0.877711
758,0.877296,0.882848
759,0.869304,0.886457
760,0.869228,0.876286
761,0.873419,0.880565
762,0.873883,0.879002
763,0.870304,0.880491
764,0.870603,0.876961
765,0.867487,0.878173
766,0.867238,0.873829
767,0.868372,0.865699
768,0.860505,0.868552
769,0.865601,0.856215
770,0.861596,0.861856
771,0.859009,0.859291
772,0.861527,0.854447
773,0.864306,0.853879
774,0.866469,0.856229
775,0.857658,0.841754
776,0.862817,0.846569
777,0.865840,0.852822
778,0.867625,0.854578
779,0.870943,0.852845
780,0.864236,0.852062
781,0.863591,0.854826
782,0.865423,0.853277
783,0.871510,0.860424
784,0.863045,0.860269
785,0.862069,0.858776
786,0.867657,0.863985
787,0.871566,0.864211
788,0.865918,0.861313
789,0.865641,0.860201
790,0.858738,0.866978
791,0.855603,0.863268
792,0.855482,0.868627
793,0.861169,0.864760
794,0.854625,0.859762
795,0.854970,0.864253
796,0.855470,0.862025
797,0.854947,0.849001
798,0.851598,0.854073
799,0.857011,0.861578
800,0.854376,0.866976
801,0.860042,0.858526
802,0.860035,0.857007
803,0.861151,0.860316
804,0.862749,0.866546
805,0.863098,0.871839
806,0.865900,0.877639
807,0.868780,0.881014
808,0.866318,0.880652
809,0.861731,0.881525
810,0.851068,0.885666
811,0.847284,0.889108
812,0.851574,0.880677
813,0.849835,0.877123
814,0.850041,0.878434
815,0.842639,0.876582
816,0.846564,0.868449
817,0.854078,0.869349
818,0.856701,0.875739
819,0.858247,0.877267
820,0.865779,0.872741
821,0.860245,0.872449
822,0.850152,0.877194
823,0.852482,0.880401
824,0.858380,0.877761
825,0.861129,0.882418
826,0.856739,0.878749
827,0.853157,0.882799
828,0.855201,0.882429
829,0.858114,0.880338
830,0.859806,0.877047
831,0.867514,0.871587
832,0.865267,0.870270
833,0.866443,0.876224
834,0.872479,0.878446
835,0.874952,0.879313
836,0.872236,0.878387
837,0.875572,0.880441
838,0.875156,0.872793
839,0.877089,0.870278
840,0.881149,0.866499
841,0.878638,0.860268
842,0.882542,0.862993
843,0.880352,0.857278
844,0.881253,0.859269
845,0.881520,0.857244
846,0.883109,0.846201
847,0.886121,0.853414
848,0.889944,0.851437
849,0.890479,0.858334
850,0.889767,0.862541
851,0.891894,0.865817
852,0.888867,0.867264
853,0.888544,0.871114
854,0.889578,0.872130
855,0.891317,0.869262
856,0.894141,0.872459
857,0.898015,0.876157
858,0.893752,0.879100
859,0.898922,0.880022
860,0.894020,0.880776
861,0.892806,0.883213
862,0.888969,0.882355
863,0.885929,0.885934
864,0.881209,0.892121
865,0.883027,0.897888
866,0.885405,0.898573
867,0.884719,0.897137
868,0.885893,0.892149
869,0.889963,0.880444
870,0.892233,0.880437
871,0.888901,0.883852
872,0.886669,0.883509
873,0.889368,0.888224
874,0.890105,0.895049
875,0.892938,0.899854
876,0.889177,0.901658
877,0.892437,0.895932
878,0.892577,0.897770
879,0.892650,0.897055
880,0.890243,0.893166
881,0.889373,0.891271
882,0.889727,0.894275
883,0.887569,0.892001
884,0.882634,0.893055
885,0.883786,0.891816
886,0.879544,0.890075
887,0.881628,0.889218
888,0.878610,0.887521
889,0.871257,0.893467
890,0.876756,0.893782
891,0.879156,0.887990
892,0.880889,0.887523
893,0.883628,0.890743
894,0.881627,0.893473
895,0.884861,0.893606
896,0.884309,0.891473
897,0.887185,0.888506
898,0.890468,0.889660
899,0.891515,0.888565
900,0.886373,0.890961
901,0.885892,0.886283
902,0.886138,0.883675
903,0.884464,0.880765
904,0.882340,0.873661
905,0.880579,0.876192
906,0.879107,0.875279
907,0.878179,0.880706
908,0.878422,0.880702
909,0.880188,0.882623
910,0.881784,0.886856
911,0.876499,0.882914
912,0.869127,0.886460
913,0.868645,0.883243
914,0.874507,0.881032
915,0.875161,0.868170
916,0.877429,0.860442
917,0.884739,0.863946
918,0.887061,0.853825
919,0.883068,0.861083
920,0.876887,0.866622
921,0.871162,0.873349
922,0.866079,0.881215
923,0.867471,0.882085
924,0.866215,0.880763
925,0.872728,0.879190
926,0.872473,0.872764
927,0.871844,0.876726
928,0.873790,0.877477
929,0.872687,0.876130
930,0.876364,0.869725
931,0.877279,0.872674
932,0.882185,0.875000
933,0.880734,0.865036
934,0.884196,0.865231
935,0.884157,0.869038
936,0.889651,0.869947
937,0.890093,0.870579
938,0.884129,0.875049
939,0.886226,0.874406
940,0.885643,0.874595
941,0.884791,0.874645
942,0.887472,0.877263
943,0.876431,0.867115
944,0.879659,0.865227
945,0.876802,0.862957
946,0.875141,0.862058
947,0.880556,0.867378
948,0.879145,0.868092
949,0.878901,0.870857
950,0.874756,0.869124
951,0.878320,0.872690
952,0.878014,0.874407
953,0.882623,0.875401
954,0.886405,0.880349
955,0.888486,0.883885
956,0.888401,0.884215
957,0.890396,0.883223
958,0.891265,0.886040
959,0.894458,0.886575
960,0.893240,0.891593
961,0.886912,0.883790
962,0.889283,0.886772
963,0.887775,0.890767
964,0.887277,0.890578
965,0.891610,0.890386
966,0.884977,0.890885
967,0.877003,0.885623
968,0.881425,0.885012
969,0.880917,0.880892
970,0.885850,0.881499
971,0.887180,0.883065
972,0.890007,0.883811
973,0.888887,0.888409
974,0.885117,0.877733
975,0.888406,0.878255
976,0.890031,0.874924
977,0.892155,0.877204
978,0.893721,0.878845
979,0.894672,0.880097
980,0.896607,0.884202
981,0.889390,0.883684
982,0.871401,0.879100
983,0.871211,0.877565
984,0.877453,0.881526
985,0.882068,0.884975
986,0.885001,0.889464
987,0.888109,0.892671
988,0.890611,0.891250
989,0.884406,0.885110
990,0.884849,0.882306
991,0.880997,0.884727
992,0.886461,0.883099
993,0.890968,0.887876
994,0.881877,0.889678
995,0.884799,0.888029
996,0.878973,0.885417
997,0.884933,0.882675
998,0.881417,0.876613
999,0.881660,0.880575
